customer_id,strategy_date
C002690,2026-04-15
C003040,2026-04-15
C000656,2026-04-15
C007135,2026-04-15
C006415,2026-04-15
C003934,2026-04-15
C001220,2026-04-15
C004341,2026-04-15
C004859,2026-04-15
C004140,2026-04-15
C000036,2026-04-15
C005368,2026-04-15
C006012,2026-04-15
C000453,2026-04-15
C001793,2026-04-15
C000158,2026-04-15
C007614,2026-04-15
C001786,2026-04-15
C006253,2026-04-15
C004241,2026-04-15
C006606,2026-04-15
C007414,2026-04-15
C003105,2026-04-15
C006545,2026-04-15
C000391,2026-04-15
C003446,2026-04-15
C002925,2026-04-15
C005333,2026-04-15
C001688,2026-04-15
C003064,2026-04-15
C005168,2026-04-15
C003356,2026-04-15
C000386,2026-04-15
C007497,2026-04-15
C000109,2026-04-15
C000432,2026-04-15
C003459,2026-04-15
C004709,2026-04-15
C003026,2026-04-15
C006427,2026-04-15
C006333,2026-04-15
C003760,2026-04-15
C005739,2026-04-15
C007139,2026-04-15
C002765,2026-04-15
C001462,2026-04-15
C000543,2026-04-15
C001630,2026-04-15
C005767,2026-04-15
C001849,2026-04-15
C002681,2026-04-15
C004599,2026-04-15
C002086,2026-04-15
C005257,2026-04-15
C003521,2026-04-15
C001615,2026-04-15
C007777,2026-04-15
C002122,2026-04-15
C001402,2026-04-15
C007601,2026-04-15
C007385,2026-04-15
C000035,2026-04-15
C000252,2026-04-15
C007155,2026-04-15
C004495,2026-04-15
C005615,2026-04-15
C000357,2026-04-15
C001858,2026-04-15
C005840,2026-04-15
C005486,2026-04-15
C002948,2026-04-15
C006419,2026-04-15
C007338,2026-04-15
C002887,2026-04-15
C002504,2026-04-15
C003463,2026-04-15
C007354,2026-04-15
C006993,2026-04-15
C004459,2026-04-15
C004028,2026-04-15
C002545,2026-04-15
C007988,2026-04-15
C002508,2026-04-15
C007323,2026-04-15
C005850,2026-04-15
C004948,2026-04-15
C004796,2026-04-15
C007383,2026-04-15
C003508,2026-04-15
C006685,2026-04-15
C000650,2026-04-15
C003008,2026-04-15
C002651,2026-04-15
C003705,2026-04-15
C003324,2026-04-15
C003700,2026-04-15
C006737,2026-04-15
C006773,2026-04-15
C005474,2026-04-15
C005838,2026-04-15
C005318,2026-04-15
C004611,2026-04-15
C003279,2026-04-15
C000141,2026-04-15
C005651,2026-04-15
C004526,2026-04-15
C007991,2026-04-15
C004518,2026-04-15
C000145,2026-04-15
C000405,2026-04-15
C002259,2026-04-15
C006398,2026-04-15
C001935,2026-04-15
C002507,2026-04-15
C003999,2026-04-15
C005055,2026-04-15
C004648,2026-04-15
C006611,2026-04-15
C002426,2026-04-15
C004591,2026-04-15
C007165,2026-04-15
C002233,2026-04-15
C000839,2026-04-15
C000782,2026-04-15
C002420,2026-04-15
C006195,2026-04-15
C003953,2026-04-15
C004218,2026-04-15
C003277,2026-04-15
C002723,2026-04-15
C002387,2026-04-15
C005758,2026-04-15
C000758,2026-04-15
C007340,2026-04-15
C001069,2026-04-15
C005699,2026-04-15
C004561,2026-04-15
C005159,2026-04-15
C000726,2026-04-15
C003234,2026-04-15
C000905,2026-04-15
C001267,2026-04-15
C006943,2026-04-15
C002532,2026-04-15
C006650,2026-04-15
C000340,2026-04-15
C006831,2026-04-15
C004729,2026-04-15
C005764,2026-04-15
C005351,2026-04-15
C000603,2026-04-15
C003397,2026-04-15
C000768,2026-04-15
C005492,2026-04-15
C002410,2026-04-15
C000804,2026-04-15
C003602,2026-04-15
C002615,2026-04-15
C007699,2026-04-15
C007893,2026-04-15
C007086,2026-04-15
C001795,2026-04-15
C001152,2026-04-15
C005196,2026-04-15
C004638,2026-04-15
C002115,2026-04-15
C000019,2026-04-15
C001764,2026-04-15
C000043,2026-04-15
C005647,2026-04-15
C004558,2026-04-15
C002741,2026-04-15
C005302,2026-04-15
C007026,2026-04-15
C003018,2026-04-15
C005009,2026-04-15
C003194,2026-04-15
C007382,2026-04-15
C002986,2026-04-15
C001969,2026-04-15
C002602,2026-04-15
C006477,2026-04-15
C005326,2026-04-15
C007426,2026-04-15
C003071,2026-04-15
C005609,2026-04-15
C005167,2026-04-15
C000486,2026-04-15
C002867,2026-04-15
C006668,2026-04-15
C000795,2026-04-15
C006020,2026-04-15
C005495,2026-04-15
C002661,2026-04-15
C000047,2026-04-15
C006938,2026-04-15
C002962,2026-04-15
C005437,2026-04-15
C003479,2026-04-15
C005972,2026-04-15
C005866,2026-04-15
C005355,2026-04-15
C002012,2026-04-15
C001306,2026-04-15
C004778,2026-04-15
C004069,2026-04-15
C002168,2026-04-15
C000759,2026-04-15
C004822,2026-04-15
C005510,2026-04-15
C006088,2026-04-15
C003784,2026-04-15
C006602,2026-04-15
C000588,2026-04-15
C003418,2026-04-15
C006388,2026-04-15
C000318,2026-04-15
C001100,2026-04-15
C001114,2026-04-15
C004027,2026-04-15
C004257,2026-04-15
C000980,2026-04-15
C006042,2026-04-15
C002373,2026-04-15
C004590,2026-04-15
C001102,2026-04-15
C003470,2026-04-15
C007620,2026-04-15
C000857,2026-04-15
C007720,2026-04-15
C001380,2026-04-15
C003135,2026-04-15
C003468,2026-04-15
C005575,2026-04-15
C001758,2026-04-15
C004162,2026-04-15
C002959,2026-04-15
C006448,2026-04-15
C000885,2026-04-15
C001393,2026-04-15
C007566,2026-04-15
C001539,2026-04-15
C006133,2026-04-15
C004075,2026-04-15
C006092,2026-04-15
C000567,2026-04-15
C000301,2026-04-15
C004723,2026-04-15
C003173,2026-04-15
C001217,2026-04-15
C006022,2026-04-15
C004274,2026-04-15
C005431,2026-04-15
C006308,2026-04-15
C002404,2026-04-15
C001257,2026-04-15
C002792,2026-04-15
C001146,2026-04-15
C007344,2026-04-15
C002531,2026-04-15
C007636,2026-04-15
C002565,2026-04-15
C001258,2026-04-15
C003340,2026-04-15
C007117,2026-04-15
C004534,2026-04-15
C004892,2026-04-15
C005941,2026-04-15
C001625,2026-04-15
C000665,2026-04-15
C006242,2026-04-15
C003439,2026-04-15
C001274,2026-04-15
C000162,2026-04-15
C004243,2026-04-15
C000710,2026-04-15
C007142,2026-04-15
C001637,2026-04-15
C007436,2026-04-15
C006293,2026-04-15
C000790,2026-04-15
C002634,2026-04-15
C007461,2026-04-15
C003176,2026-04-15
C002659,2026-04-15
C004338,2026-04-15
C002492,2026-04-15
C000622,2026-04-15
C001118,2026-04-15
C004865,2026-04-15
C000708,2026-04-15
C005362,2026-04-15
C002836,2026-04-15
C004860,2026-04-15
C006412,2026-04-15
C006330,2026-04-15
C006346,2026-04-15
C006524,2026-04-15
C004594,2026-04-15
C000090,2026-04-15
C003407,2026-04-15
C001902,2026-04-15
C007793,2026-04-15
C005143,2026-04-15
C000544,2026-04-15
C003186,2026-04-15
C003137,2026-04-15
C005756,2026-04-15
C002436,2026-04-15
C005821,2026-04-15
C001330,2026-04-15
C005208,2026-04-15
C005169,2026-04-15
C000034,2026-04-15
C002188,2026-04-15
C001992,2026-04-15
C007310,2026-04-15
C006857,2026-04-15
C005382,2026-04-15
C006323,2026-04-15
C003873,2026-04-15
C004530,2026-04-15
C002208,2026-04-15
C006014,2026-04-15
C002820,2026-04-15
C007943,2026-04-15
C002755,2026-04-15
C001005,2026-04-15
C001371,2026-04-15
C007640,2026-04-15
C000969,2026-04-15
C003740,2026-04-15
C005592,2026-04-15
C006079,2026-04-15
C007076,2026-04-15
C001574,2026-04-15
C006168,2026-04-15
C002084,2026-04-15
C004586,2026-04-15
C006961,2026-04-15
C006708,2026-04-15
C000923,2026-04-15
C002402,2026-04-15
C003872,2026-04-15
C004698,2026-04-15
C006674,2026-04-15
C000899,2026-04-15
C007233,2026-04-15
C003880,2026-04-15
C006841,2026-04-15
C001097,2026-04-15
C004836,2026-04-15
C000083,2026-04-15
C003608,2026-04-15
C007567,2026-04-15
C005514,2026-04-15
C002853,2026-04-15
C001725,2026-04-15
C005256,2026-04-15
C007693,2026-04-15
C002052,2026-04-15
C001971,2026-04-15
C006653,2026-04-15
C003303,2026-04-15
C000204,2026-04-15
C002457,2026-04-15
C003550,2026-04-15
C006542,2026-04-15
C004072,2026-04-15
C006058,2026-04-15
C003495,2026-04-15
C003684,2026-04-15
C003609,2026-04-15
C007106,2026-04-15
C000408,2026-04-15
C001018,2026-04-15
C002113,2026-04-15
C002245,2026-04-15
C003833,2026-04-15
C001134,2026-04-15
C004226,2026-04-15
C000354,2026-04-15
C000868,2026-04-15
C002712,2026-04-15
C006235,2026-04-15
C003204,2026-04-15
C007813,2026-04-15
C004137,2026-04-15
C003641,2026-04-15
C002843,2026-04-15
C007923,2026-04-15
C006243,2026-04-15
C003214,2026-04-15
C003891,2026-04-15
C002826,2026-04-15
C002805,2026-04-15
C003871,2026-04-15
C000936,2026-04-15
C001419,2026-04-15
C002954,2026-04-15
C007228,2026-04-15
C007573,2026-04-15
C001452,2026-04-15
C003680,2026-04-15
C007565,2026-04-15
C000724,2026-04-15
C005339,2026-04-15
C007533,2026-04-15
C004373,2026-04-15
C006988,2026-04-15
C002382,2026-04-15
C001783,2026-04-15
C004032,2026-04-15
C002358,2026-04-15
C003755,2026-04-15
C001776,2026-04-15
C007412,2026-04-15
C000592,2026-04-15
C002028,2026-04-15
C003489,2026-04-15
C000556,2026-04-15
C006372,2026-04-15
C007575,2026-04-15
C003435,2026-04-15
C001680,2026-04-15
C006844,2026-04-15
C005816,2026-04-15
C006295,2026-04-15
C005668,2026-04-15
C007214,2026-04-15
C004766,2026-04-15
C007608,2026-04-15
C005494,2026-04-15
C006814,2026-04-15
C000945,2026-04-15
C000180,2026-04-15
C007003,2026-04-15
C007071,2026-04-15
C002054,2026-04-15
C002769,2026-04-15
C001897,2026-04-15
C003971,2026-04-15
C003865,2026-04-15
C000276,2026-04-15
C005964,2026-04-15
C003066,2026-04-15
C006391,2026-04-15
C001542,2026-04-15
C005823,2026-04-15
C000127,2026-04-15
C007404,2026-04-15
C000164,2026-04-15
C007509,2026-04-15
C000336,2026-04-15
C004909,2026-04-15
C004906,2026-04-15
C006354,2026-04-15
C007692,2026-04-15
C002120,2026-04-15
C004456,2026-04-15
C004871,2026-04-15
C000932,2026-04-15
C005300,2026-04-15
C003070,2026-04-15
C005359,2026-04-15
C000999,2026-04-15
C004840,2026-04-15
C005477,2026-04-15
C003715,2026-04-15
C005667,2026-04-15
C005516,2026-04-15
C002738,2026-04-15
C005587,2026-04-15
C005867,2026-04-15
C005813,2026-04-15
C007098,2026-04-15
C005719,2026-04-15
C007343,2026-04-15
C003501,2026-04-15
C007116,2026-04-15
C003149,2026-04-15
C006908,2026-04-15
C002441,2026-04-15
C001697,2026-04-15
C007241,2026-04-15
C003100,2026-04-15
C007924,2026-04-15
C005193,2026-04-15
C004217,2026-04-15
C003220,2026-04-15
C001384,2026-04-15
C003289,2026-04-15
C007868,2026-04-15
C003772,2026-04-15
C001387,2026-04-15
C001211,2026-04-15
C006924,2026-04-15
C004119,2026-04-15
C004629,2026-04-15
C001636,2026-04-15
C001611,2026-04-15
C007019,2026-04-15
C003915,2026-04-15
C000806,2026-04-15
C001440,2026-04-15
C007425,2026-04-15
C007702,2026-04-15
C002216,2026-04-15
C003298,2026-04-15
C002683,2026-04-15
C001094,2026-04-15
C005036,2026-04-15
C006355,2026-04-15
C000919,2026-04-15
C001916,2026-04-15
C000689,2026-04-15
C001096,2026-04-15
C006863,2026-04-15
C005217,2026-04-15
C004348,2026-04-15
C003208,2026-04-15
C002793,2026-04-15
C002978,2026-04-15
C003127,2026-04-15
C000541,2026-04-15
C000778,2026-04-15
C000756,2026-04-15
C001741,2026-04-15
C005824,2026-04-15
C007522,2026-04-15
C006619,2026-04-15
C004997,2026-04-15
C000190,2026-04-15
C004295,2026-04-15
C007035,2026-04-15
C003761,2026-04-15
C004960,2026-04-15
C001074,2026-04-15
C006510,2026-04-15
C007150,2026-04-15
C004580,2026-04-15
C001159,2026-04-15
C001720,2026-04-15
C006518,2026-04-15
C006647,2026-04-15
C002736,2026-04-15
C007352,2026-04-15
C005726,2026-04-15
C006583,2026-04-15
C004968,2026-04-15
C007518,2026-04-15
C007121,2026-04-15
C004420,2026-04-15
C001761,2026-04-15
C000067,2026-04-15
C007077,2026-04-15
C007724,2026-04-15
C007023,2026-04-15
C005809,2026-04-15
C001936,2026-04-15
C005507,2026-04-15
C006906,2026-04-15
C001225,2026-04-15
C007125,2026-04-15
C003950,2026-04-15
C001175,2026-04-15
C003038,2026-04-15
C000485,2026-04-15
C002627,2026-04-15
C007215,2026-04-15
C007495,2026-04-15
C002524,2026-04-15
C000238,2026-04-15
C003603,2026-04-15
C001653,2026-04-15
C003730,2026-04-15
C003757,2026-04-15
C005659,2026-04-15
C001641,2026-04-15
C000137,2026-04-15
C005740,2026-04-15
C003311,2026-04-15
C002642,2026-04-15
C004762,2026-04-15
C007921,2026-04-15
C004434,2026-04-15
C007840,2026-04-15
C007148,2026-04-15
C006582,2026-04-15
C000070,2026-04-15
C001733,2026-04-15
C004773,2026-04-15
C004130,2026-04-15
C003820,2026-04-15
C005387,2026-04-15
C003528,2026-04-15
C004235,2026-04-15
C006693,2026-04-15
C007903,2026-04-15
C004966,2026-04-15
C007261,2026-04-15
C000828,2026-04-15
C002958,2026-04-15
C002624,2026-04-15
C004782,2026-04-15
C000053,2026-04-15
C007224,2026-04-15
C003003,2026-04-15
C005933,2026-04-15
C002497,2026-04-15
C000116,2026-04-15
C002976,2026-04-15
C007649,2026-04-15
C002328,2026-04-15
C003982,2026-04-15
C005634,2026-04-15
C005675,2026-04-15
C006489,2026-04-15
C000450,2026-04-15
C007586,2026-04-15
C001158,2026-04-15
C005930,2026-04-15
C005648,2026-04-15
C006834,2026-04-15
C006627,2026-04-15
C007831,2026-04-15
C004165,2026-04-15
C002242,2026-04-15
C007288,2026-04-15
C005410,2026-04-15
C004171,2026-04-15
C002175,2026-04-15
C003075,2026-04-15
C006897,2026-04-15
C000671,2026-04-15
C005852,2026-04-15
C000217,2026-04-15
C005226,2026-04-15
C000859,2026-04-15
C000824,2026-04-15
C001219,2026-04-15
C002145,2026-04-15
C001192,2026-04-15
C004087,2026-04-15
C002773,2026-04-15
C007030,2026-04-15
C005206,2026-04-15
C000464,2026-04-15
C005669,2026-04-15
C006608,2026-04-15
C001755,2026-04-15
C001136,2026-04-15
C007206,2026-04-15
C004604,2026-04-15
C004973,2026-04-15
C001899,2026-04-15
C002779,2026-04-15
C006778,2026-04-15
C005636,2026-04-15
C001299,2026-04-15
C000324,2026-04-15
C004222,2026-04-15
C006310,2026-04-15
C005943,2026-04-15
C000155,2026-04-15
C005990,2026-04-15
C006468,2026-04-15
C001045,2026-04-15
C001683,2026-04-15
C005958,2026-04-15
C005109,2026-04-15
C002695,2026-04-15
C002044,2026-04-15
C005567,2026-04-15
C005976,2026-04-15
C006987,2026-04-15
C007377,2026-04-15
C007204,2026-04-15
C004309,2026-04-15
C000935,2026-04-15
C005583,2026-04-15
C004303,2026-04-15
C007752,2026-04-15
C005980,2026-04-15
C000563,2026-04-15
C002933,2026-04-15
C003710,2026-04-15
C004726,2026-04-15
C006843,2026-04-15
C002631,2026-04-15
C002235,2026-04-15
C003089,2026-04-15
C006601,2026-04-15
C003307,2026-04-15
C005682,2026-04-15
C000978,2026-04-15
C007471,2026-04-15
C003251,2026-04-15
C005607,2026-04-15
C003082,2026-04-15
C004491,2026-04-15
C001218,2026-04-15
C000179,2026-04-15
C005076,2026-04-15
C006562,2026-04-15
C001866,2026-04-15
C006498,2026-04-15
C002063,2026-04-15
C004253,2026-04-15
C001013,2026-04-15
C003395,2026-04-15
C000526,2026-04-15
C005548,2026-04-15
C002362,2026-04-15
C002915,2026-04-15
C006490,2026-04-15
C000776,2026-04-15
C007574,2026-04-15
C005215,2026-04-15
C002223,2026-04-15
C006027,2026-04-15
C000038,2026-04-15
C000618,2026-04-15
C007100,2026-04-15
C005151,2026-04-15
C000829,2026-04-15
C002087,2026-04-15
C006340,2026-04-15
C007876,2026-04-15
C001629,2026-04-15
C001584,2026-04-15
C004615,2026-04-15
C000838,2026-04-15
C001880,2026-04-15
C003159,2026-04-15
C000393,2026-04-15
C006051,2026-04-15
C007051,2026-04-15
C001126,2026-04-15
C003611,2026-04-15
C002296,2026-04-15
C001904,2026-04-15
C005632,2026-04-15
C007179,2026-04-15
C007635,2026-04-15
C007265,2026-04-15
C006881,2026-04-15
C000228,2026-04-15
C005584,2026-04-15
C006254,2026-04-15
C003807,2026-04-15
C004805,2026-04-15
C002248,2026-04-15
C004266,2026-04-15
C001032,2026-04-15
C002662,2026-04-15
C007293,2026-04-15
C007658,2026-04-15
C001249,2026-04-15
C003111,2026-04-15
C002674,2026-04-15
C007856,2026-04-15
C000084,2026-04-15
C004915,2026-04-15
C001059,2026-04-15
C003074,2026-04-15
C002636,2026-04-15
C007549,2026-04-15
C006057,2026-04-15
C003560,2026-04-15
C005190,2026-04-15
C003753,2026-04-15
C006003,2026-04-15
C003361,2026-04-15
C004143,2026-04-15
C007707,2026-04-15
C004880,2026-04-15
C000889,2026-04-15
C000732,2026-04-15
C007698,2026-04-15
C002011,2026-04-15
C006682,2026-04-15
C006104,2026-04-15
C002601,2026-04-15
C001989,2026-04-15
C001939,2026-04-15
C006770,2026-04-15
C003706,2026-04-15
C000600,2026-04-15
C001964,2026-04-15
C000076,2026-04-15
C006723,2026-04-15
C007207,2026-04-15
C003549,2026-04-15
C007708,2026-04-15
C003229,2026-04-15
C005808,2026-04-15
C000469,2026-04-15
C007463,2026-04-15
C002249,2026-04-15
C000013,2026-04-15
C002864,2026-04-15
C002101,2026-04-15
C002059,2026-04-15
C001318,2026-04-15
C003823,2026-04-15
C007846,2026-04-15
C003727,2026-04-15
C006721,2026-04-15
C005757,2026-04-15
C007644,2026-04-15
C001954,2026-04-15
C000677,2026-04-15
C000290,2026-04-15
C001516,2026-04-15
C007020,2026-04-15
C005402,2026-04-15
C005512,2026-04-15
C007526,2026-04-15
C007900,2026-04-15
C006344,2026-04-15
C000997,2026-04-15
C004985,2026-04-15
C002789,2026-04-15
C000685,2026-04-15
C003185,2026-04-15
C004371,2026-04-15
C006945,2026-04-15
C007655,2026-04-15
C000459,2026-04-15
C005643,2026-04-15
C001133,2026-04-15
C001260,2026-04-15
C007501,2026-04-15
C002557,2026-04-15
C004192,2026-04-15
C005795,2026-04-15
C004877,2026-04-15
C003808,2026-04-15
C002099,2026-04-15
C001830,2026-04-15
C003237,2026-04-15
C000100,2026-04-15
C006033,2026-04-15
C003914,2026-04-15
C007679,2026-04-15
C006732,2026-04-15
C000033,2026-04-15
C006860,2026-04-15
C001010,2026-04-15
C005129,2026-04-15
C006247,2026-04-15
C006714,2026-04-15
C007099,2026-04-15
C002797,2026-04-15
C005353,2026-04-15
C003628,2026-04-15
C005310,2026-04-15
C001046,2026-04-15
C003851,2026-04-15
C005324,2026-04-15
C007788,2026-04-15
C003909,2026-04-15
C004239,2026-04-15
C003735,2026-04-15
C007841,2026-04-15
C001370,2026-04-15
C002852,2026-04-15
C006389,2026-04-15
C000634,2026-04-15
C005236,2026-04-15
C002561,2026-04-15
C005608,2026-04-15
C001771,2026-04-15
C006950,2026-04-15
C000433,2026-04-15
C007493,2026-04-15
C000846,2026-04-15
C007161,2026-04-15
C003380,2026-04-15
C006764,2026-04-15
C003013,2026-04-15
C007678,2026-04-15
C003624,2026-04-15
C004673,2026-04-15
C005793,2026-04-15
C006423,2026-04-15
C003655,2026-04-15
C006679,2026-04-15
C006786,2026-04-15
C001269,2026-04-15
C007433,2026-04-15
C003513,2026-04-15
C007088,2026-04-15
C002846,2026-04-15
C003349,2026-04-15
C004006,2026-04-15
C004425,2026-04-15
C000856,2026-04-15
C000895,2026-04-15
C001919,2026-04-15
C001657,2026-04-15
C003084,2026-04-15
C006158,2026-04-15
C004834,2026-04-15
C004255,2026-04-15
C002918,2026-04-15
C001347,2026-04-15
C000964,2026-04-15
C000751,2026-04-15
C000602,2026-04-15
C001622,2026-04-15
C004467,2026-04-15
C006587,2026-04-15
C006777,2026-04-15
C004244,2026-04-15
C003853,2026-04-15
C004567,2026-04-15
C003750,2026-04-15
C003199,2026-04-15
C003252,2026-04-15
C004233,2026-04-15
C000583,2026-04-15
C002476,2026-04-15
C005321,2026-04-15
C003533,2026-04-15
C007264,2026-04-15
C007101,2026-04-15
C007242,2026-04-15
C004509,2026-04-15
C000593,2026-04-15
C002134,2026-04-15
C007563,2026-04-15
C005734,2026-04-15
C006249,2026-04-15
C000643,2026-04-15
C000701,2026-04-15
C007275,2026-04-15
C000506,2026-04-15
C001314,2026-04-15
C006028,2026-04-15
C002990,2026-04-15
C007805,2026-04-15
C002591,2026-04-15
C001165,2026-04-15
C006746,2026-04-15
C001286,2026-04-15
C001276,2026-04-15
C004154,2026-04-15
C003034,2026-04-15
C003939,2026-04-15
C004094,2026-04-15
C005286,2026-04-15
C000604,2026-04-15
C000227,2026-04-15
C005799,2026-04-15
C005915,2026-04-15
C007149,2026-04-15
C006986,2026-04-15
C003567,2026-04-15
C001867,2026-04-15
C000401,2026-04-15
C004511,2026-04-15
C004863,2026-04-15
C004545,2026-04-15
C001461,2026-04-15
C004061,2026-04-15
C006325,2026-04-15
C005149,2026-04-15
C004559,2026-04-15
C007024,2026-04-15
C002781,2026-04-15
C005189,2026-04-15
C001694,2026-04-15
C007190,2026-04-15
C000739,2026-04-15
C004963,2026-04-15
C002424,2026-04-15
C003522,2026-04-15
C003945,2026-04-15
C005876,2026-04-15
C004085,2026-04-15
C004454,2026-04-15
C007540,2026-04-15
C006404,2026-04-15
C004461,2026-04-15
C003371,2026-04-15
C001529,2026-04-15
C000740,2026-04-15
C007552,2026-04-15
C005024,2026-04-15
C004003,2026-04-15
C004922,2026-04-15
C002782,2026-04-15
C003012,2026-04-15
C007914,2026-04-15
C004416,2026-04-15
C002899,2026-04-15
C004100,2026-04-15
C001837,2026-04-15
C004683,2026-04-15
C000797,2026-04-15
C007969,2026-04-15
C000446,2026-04-15
C005728,2026-04-15
C006446,2026-04-15
C000826,2026-04-15
C001264,2026-04-15
C003196,2026-04-15
C004674,2026-04-15
C005314,2026-04-15
C006915,2026-04-15
C003086,2026-04-15
C002020,2026-04-15
C003429,2026-04-15
C003660,2026-04-15
C007703,2026-04-15
C005705,2026-04-15
C004515,2026-04-15
C001823,2026-04-15
C001509,2026-04-15
C006075,2026-04-15
C005425,2026-04-15
C003456,2026-04-15
C006481,2026-04-15
C000771,2026-04-15
C003530,2026-04-15
C004539,2026-04-15
C006492,2026-04-15
C004175,2026-04-15
C004214,2026-04-15
C005489,2026-04-15
C000353,2026-04-15
C000096,2026-04-15
C003656,2026-04-15
C001372,2026-04-15
C002851,2026-04-15
C000489,2026-04-15
C000521,2026-04-15
C001912,2026-04-15
C002432,2026-04-15
C002156,2026-04-15
C001613,2026-04-15
C002202,2026-04-15
C002078,2026-04-15
C004401,2026-04-15
C001488,2026-04-15
C004902,2026-04-15
C005780,2026-04-15
C003347,2026-04-15
C007515,2026-04-15
C000398,2026-04-15
C002025,2026-04-15
C002871,2026-04-15
C006919,2026-04-15
C003068,2026-04-15
C001479,2026-04-15
C007421,2026-04-15
C006992,2026-04-15
C000865,2026-04-15
C003097,2026-04-15
C007438,2026-04-15
C003245,2026-04-15
C002751,2026-04-15
C007767,2026-04-15
C006367,2026-04-15
C007622,2026-04-15
C006494,2026-04-15
C004030,2026-04-15
C001029,2026-04-15
C000637,2026-04-15
C002102,2026-04-15
C005058,2026-04-15
C005902,2026-04-15
C008000,2026-04-15
C005426,2026-04-15
C002995,2026-04-15
C001923,2026-04-15
C007108,2026-04-15
C000286,2026-04-15
C004554,2026-04-15
C004404,2026-04-15
C005774,2026-04-15
C000635,2026-04-15
C007238,2026-04-15
C000852,2026-04-15
C005854,2026-04-15
C004320,2026-04-15
C000415,2026-04-15
C004008,2026-04-15
C003178,2026-04-15
C002682,2026-04-15
C005690,2026-04-15
C006410,2026-04-15
C006763,2026-04-15
C006179,2026-04-15
C000565,2026-04-15
C006948,2026-04-15
C005008,2026-04-15
C007721,2026-04-15
C007045,2026-04-15
C005126,2026-04-15
C001548,2026-04-15
C007176,2026-04-15
C006460,2026-04-15
C003411,2026-04-15
C007311,2026-04-15
C007602,2026-04-15
C001821,2026-04-15
C002577,2026-04-15
C000493,2026-04-15
C000297,2026-04-15
C001449,2026-04-15
C007766,2026-04-15
C006172,2026-04-15
C000287,2026-04-15
C003015,2026-04-15
C002430,2026-04-15
C006849,2026-04-15
C005869,2026-04-15
C000569,2026-04-15
C003995,2026-04-15
C002574,2026-04-15
C000874,2026-04-15
C000615,2026-04-15
C004754,2026-04-15
C004733,2026-04-15
C006923,2026-04-15
C003334,2026-04-15
C004858,2026-04-15
C000122,2026-04-15
C006974,2026-04-15
C003736,2026-04-15
C005670,2026-04-15
C003816,2026-04-15
C003884,2026-04-15
C005662,2026-04-15
C006951,2026-04-15
C005442,2026-04-15
C000794,2026-04-15
C000607,2026-04-15
C006125,2026-04-15
C004893,2026-04-15
C003255,2026-04-15
C005042,2026-04-15
C000199,2026-04-15
C007332,2026-04-15
C003467,2026-04-15
C001744,2026-04-15
C004493,2026-04-15
C006221,2026-04-15
C003887,2026-04-15
C004273,2026-04-15
C004380,2026-04-15
C001835,2026-04-15
C000940,2026-04-15
C004971,2026-04-15
C003699,2026-04-15
C001576,2026-04-15
C004715,2026-04-15
C001704,2026-04-15
C001122,2026-04-15
C001083,2026-04-15
C001736,2026-04-15
C006603,2026-04-15
C003222,2026-04-15
C001563,2026-04-15
C003387,2026-04-15
C001230,2026-04-15
C005922,2026-04-15
C005053,2026-04-15
C000271,2026-04-15
C001735,2026-04-15
C002680,2026-04-15
C005505,2026-04-15
C003286,2026-04-15
C006361,2026-04-15
C001040,2026-04-15
C002449,2026-04-15
C003824,2026-04-15
C006836,2026-04-15
C005264,2026-04-15
C007484,2026-04-15
C003118,2026-04-15
C004772,2026-04-15
C006238,2026-04-15
C002366,2026-04-15
C004487,2026-04-15
C004026,2026-04-15
C003061,2026-04-15
C001905,2026-04-15
C006258,2026-04-15
C002139,2026-04-15
C005746,2026-04-15
C007158,2026-04-15
C000495,2026-04-15
C002891,2026-04-15
C005400,2026-04-15
C000012,2026-04-15
C002119,2026-04-15
C000381,2026-04-15
C006715,2026-04-15
C000307,2026-04-15
C004712,2026-04-15
C007104,2026-04-15
C005590,2026-04-15
C002183,2026-04-15
C006873,2026-04-15
C001478,2026-04-15
C002947,2026-04-15
C001885,2026-04-15
C005157,2026-04-15
C002560,2026-04-15
C000185,2026-04-15
C001699,2026-04-15
C006688,2026-04-15
C000814,2026-04-15
C002088,2026-04-15
C005983,2026-04-15
C001675,2026-04-15
C000026,2026-04-15
C005083,2026-04-15
C002177,2026-04-15
C006301,2026-04-15
C002486,2026-04-15
C006129,2026-04-15
C005630,2026-04-15
C002600,2026-04-15
C004710,2026-04-15
C006232,2026-04-15
C004366,2026-04-15
C000014,2026-04-15
C007008,2026-04-15
C003585,2026-04-15
C006661,2026-04-15
C001177,2026-04-15
C007442,2026-04-15
C005967,2026-04-15
C003774,2026-04-15
C003568,2026-04-15
C001019,2026-04-15
C000444,2026-04-15
C007889,2026-04-15
C007775,2026-04-15
C001421,2026-04-15
C001375,2026-04-15
C004664,2026-04-15
C000925,2026-04-15
C005081,2026-04-15
C007726,2026-04-15
C006620,2026-04-15
C003876,2026-04-15
C007965,2026-04-15
C007673,2026-04-15
C002254,2026-04-15
C004746,2026-04-15
C001737,2026-04-15
C004543,2026-04-15
C004092,2026-04-15
C003073,2026-04-15
C000844,2026-04-15
C006622,2026-04-15
C001926,2026-04-15
C000788,2026-04-15
C003576,2026-04-15
C001498,2026-04-15
C000144,2026-04-15
C006662,2026-04-15
C000235,2026-04-15
C004692,2026-04-15
C004541,2026-04-15
C006055,2026-04-15
C001178,2026-04-15
C004460,2026-04-15
C003697,2026-04-15
C007009,2026-04-15
C005377,2026-04-15
C005246,2026-04-15
C001973,2026-04-15
C006803,2026-04-15
C004837,2026-04-15
C001825,2026-04-15
C005059,2026-04-15
C005133,2026-04-15
C004090,2026-04-15
C004342,2026-04-15
C000882,2026-04-15
C004496,2026-04-15
C002717,2026-04-15
C004262,2026-04-15
C000761,2026-04-15
C003293,2026-04-15
C002348,2026-04-15
C005248,2026-04-15
C006369,2026-04-15
C003291,2026-04-15
C007087,2026-04-15
C001719,2026-04-15
C005140,2026-04-15
C006624,2026-04-15
C007881,2026-04-15
C001030,2026-04-15
C000792,2026-04-15
C003952,2026-04-15
C006483,2026-04-15
C007222,2026-04-15
C003308,2026-04-15
C002989,2026-04-15
C001715,2026-04-15
C004251,2026-04-15
C007279,2026-04-15
C001356,2026-04-15
C007219,2026-04-15
C002955,2026-04-15
C001041,2026-04-15
C004632,2026-04-15
C002359,2026-04-15
C003337,2026-04-15
C005910,2026-04-15
C004748,2026-04-15
C001883,2026-04-15
C004146,2026-04-15
C003573,2026-04-15
C002306,2026-04-15
C004658,2026-04-15
C004609,2026-04-15
C005103,2026-04-15
C002901,2026-04-15
C007743,2026-04-15
C007458,2026-04-15
C002866,2026-04-15
C004913,2026-04-15
C006338,2026-04-15
C000682,2026-04-15
C003478,2026-04-15
C000696,2026-04-15
C001349,2026-04-15
C002272,2026-04-15
C000571,2026-04-15
C000703,2026-04-15
C001693,2026-04-15
C000293,2026-04-15
C005686,2026-04-15
C004196,2026-04-15
C001190,2026-04-15
C007877,2026-04-15
C006260,2026-04-15
C004195,2026-04-15
C006695,2026-04-15
C007189,2026-04-15
C002023,2026-04-15
C000269,2026-04-15
C007065,2026-04-15
C000948,2026-04-15
C004190,2026-04-15
C002547,2026-04-15
C002879,2026-04-15
C003027,2026-04-15
C007710,2026-04-15
C001457,2026-04-15
C002439,2026-04-15
C001650,2026-04-15
C002206,2026-04-15
C004095,2026-04-15
C005182,2026-04-15
C002806,2026-04-15
C002548,2026-04-15
C006957,2026-04-15
C004851,2026-04-15
C005385,2026-04-15
C002203,2026-04-15
C006846,2026-04-15
C000517,2026-04-15
C007329,2026-04-15
C003263,2026-04-15
C002709,2026-04-15
C007273,2026-04-15
C000400,2026-04-15
C004560,2026-04-15
C006578,2026-04-15
C004907,2026-04-15
C000010,2026-04-15
C004680,2026-04-15
C007374,2026-04-15
C006927,2026-04-15
C006100,2026-04-15
C005897,2026-04-15
C004098,2026-04-15
C000743,2026-04-15
C004375,2026-04-15
C000866,2026-04-15
C004125,2026-04-15
C000579,2026-04-15
C004279,2026-04-15
C007054,2026-04-15
C002997,2026-04-15
C000220,2026-04-15
C003179,2026-04-15
C006153,2026-04-15
C002053,2026-04-15
C000350,2026-04-15
C004207,2026-04-15
C002920,2026-04-15
C003633,2026-04-15
C006234,2026-04-15
C004601,2026-04-15
C003431,2026-04-15
C001064,2026-04-15
C001861,2026-04-15
C007628,2026-04-15
C003444,2026-04-15
C004677,2026-04-15
C000161,2026-04-15
C001255,2026-04-15
C006785,2026-04-15
C007922,2026-04-15
C007975,2026-04-15
C001792,2026-04-15
C003117,2026-04-15
C005439,2026-04-15
C000753,2026-04-15
C005508,2026-04-15
C006087,2026-04-15
C000784,2026-04-15
C006037,2026-04-15
C001974,2026-04-15
C005199,2026-04-15
C002623,2026-04-15
C003116,2026-04-15
C007964,2026-04-15
C004978,2026-04-15
C001275,2026-04-15
C001196,2026-04-15
C004927,2026-04-15
C000926,2026-04-15
C002172,2026-04-15
C000653,2026-04-15
C006761,2026-04-15
C005132,2026-04-15
C002446,2026-04-15
C000382,2026-04-15
C004350,2026-04-15
C007090,2026-04-15
C006507,2026-04-15
C003504,2026-04-15
C003534,2026-04-15
C000520,2026-04-15
C001541,2026-04-15
C006248,2026-04-15
C001933,2026-04-15
C002760,2026-04-15
C006416,2026-04-15
C006850,2026-04-15
C004202,2026-04-15
C005879,2026-04-15
C002809,2026-04-15
C000809,2026-04-15
C007937,2026-04-15
C007417,2026-04-15
C003734,2026-04-15
C006722,2026-04-15
C007928,2026-04-15
C007538,2026-04-15
C007305,2026-04-15
C004180,2026-04-15
C000062,2026-04-15
C000261,2026-04-15
C000989,2026-04-15
C003020,2026-04-15
C006287,2026-04-15
C005617,2026-04-15
C004688,2026-04-15
C007827,2026-04-15
C006669,2026-04-15
C000080,2026-04-15
C007612,2026-04-15
C001582,2026-04-15
C004204,2026-04-15
C001977,2026-04-15
C003546,2026-04-15
C003668,2026-04-15
C006213,2026-04-15
C005954,2026-04-15
C000387,2026-04-15
C005287,2026-04-15
C001807,2026-04-15
C007122,2026-04-15
C001273,2026-04-15
C000355,2026-04-15
C007616,2026-04-15
C000942,2026-04-15
C003188,2026-04-15
C006553,2026-04-15
C002720,2026-04-15
C004763,2026-04-15
C002007,2026-04-15
C006138,2026-04-15
C003965,2026-04-15
C000359,2026-04-15
C007050,2026-04-15
C004471,2026-04-15
C004101,2026-04-15
C007327,2026-04-15
C004690,2026-04-15
C001798,2026-04-15
C004887,2026-04-15
C006040,2026-04-15
C001787,2026-04-15
C001987,2026-04-15
C006517,2026-04-15
C000139,2026-04-15
C007524,2026-04-15
C005067,2026-04-15
C006370,2026-04-15
C002811,2026-04-15
C007895,2026-04-15
C002169,2026-04-15
C002395,2026-04-15
C000456,2026-04-15
C002396,2026-04-15
C006990,2026-04-15
C001503,2026-04-15
C003840,2026-04-15
C007945,2026-04-15
C005119,2026-04-15
C004829,2026-04-15
C004614,2026-04-15
C005089,2026-04-15
C001732,2026-04-15
C000131,2026-04-15
C007854,2026-04-15
C001583,2026-04-15
C006032,2026-04-15
C000907,2026-04-15
C002292,2026-04-15
C002643,2026-04-15
C000031,2026-04-15
C004428,2026-04-15
C002349,2026-04-15
C005381,2026-04-15
C004903,2026-04-15
C004220,2026-04-15
C003224,2026-04-15
C004943,2026-04-15
C004522,2026-04-15
C005834,2026-04-15
C000591,2026-04-15
C001439,2026-04-15
C007380,2026-04-15
C002732,2026-04-15
C002802,2026-04-15
C005195,2026-04-15
C006209,2026-04-15
C007094,2026-04-15
C000946,2026-04-15
C003726,2026-04-15
C003462,2026-04-15
C004316,2026-04-15
C004646,2026-04-15
C001555,2026-04-15
C000045,2026-04-15
C003287,2026-04-15
C005450,2026-04-15
C003590,2026-04-15
C006883,2026-04-15
C003789,2026-04-15
C003917,2026-04-15
C004133,2026-04-15
C004540,2026-04-15
C006017,2026-04-15
C002923,2026-04-15
C001024,2026-04-15
C002135,2026-04-15
C004918,2026-04-15
C006884,2026-04-15
C007709,2026-04-15
C005779,2026-04-15
C002505,2026-04-15
C005135,2026-04-15
C005989,2026-04-15
C004896,2026-04-15
C000957,2026-04-15
C001473,2026-04-15
C004117,2026-04-15
C004415,2026-04-15
C005278,2026-04-15
C005464,2026-04-15
C007479,2026-04-15
C003432,2026-04-15
C000248,2026-04-15
C004234,2026-04-15
C004975,2026-04-15
C004780,2026-04-15
C005951,2026-04-15
C002013,2026-04-15
C005186,2026-04-15
C004335,2026-04-15
C002000,2026-04-15
C004901,2026-04-15
C003165,2026-04-15
C007177,2026-04-15
C006224,2026-04-15
C002710,2026-04-15
C003721,2026-04-15
C003539,2026-04-15
C004933,2026-04-15
C006161,2026-04-15
C001378,2026-04-15
C001080,2026-04-15
C002819,2026-04-15
C006788,2026-04-15
C003586,2026-04-15
C006159,2026-04-15
C005325,2026-04-15
C005872,2026-04-15
C005352,2026-04-15
C004551,2026-04-15
C006459,2026-04-15
C004852,2026-04-15
C006291,2026-04-15
C002196,2026-04-15
C006280,2026-04-15
C004382,2026-04-15
C004141,2026-04-15
C000960,2026-04-15
C005174,2026-04-15
C006387,2026-04-15
C000853,2026-04-15
C003922,2026-04-15
C001151,2026-04-15
C001538,2026-04-15
C006201,2026-04-15
C003596,2026-04-15
C002580,2026-04-15
C006035,2026-04-15
C006977,2026-04-15
C005946,2026-04-15
C002413,2026-04-15
C005307,2026-04-15
C004983,2026-04-15
C001846,2026-04-15
C000546,2026-04-15
C005380,2026-04-15
C003878,2026-04-15
C003542,2026-04-15
C001749,2026-04-15
C007942,2026-04-15
C001376,2026-04-15
C000897,2026-04-15
C006890,2026-04-15
C003098,2026-04-15
C001963,2026-04-15
C003548,2026-04-15
C000363,2026-04-15
C005555,2026-04-15
C003329,2026-04-15
C006946,2026-04-15
C003169,2026-04-15
C003681,2026-04-15
C001125,2026-04-15
C006155,2026-04-15
C002812,2026-04-15
C004807,2026-04-15
C004984,2026-04-15
C007737,2026-04-15
C003963,2026-04-15
C003316,2026-04-15
C006162,2026-04-15
C003177,2026-04-15
C002881,2026-04-15
C004536,2026-04-15
C000411,2026-04-15
C003058,2026-04-15
C001856,2026-04-15
C007379,2026-04-15
C002985,2026-04-15
C007060,2026-04-15
C001491,2026-04-15
C004505,2026-04-15
C001981,2026-04-15
C005111,2026-04-15
C007431,2026-04-15
C001403,2026-04-15
C000214,2026-04-15
C000536,2026-04-15
C006050,2026-04-15
C005069,2026-04-15
C006643,2026-04-15
C003092,2026-04-15
C004108,2026-04-15
C001513,2026-04-15
C002334,2026-04-15
C003679,2026-04-15
C005428,2026-04-15
C002522,2026-04-15
C007714,2026-04-15
C007492,2026-04-15
C002210,2026-04-15
C003927,2026-04-15
C003854,2026-04-15
C003465,2026-04-15
C002342,2026-04-15
C005098,2026-04-15
C005896,2026-04-15
C002224,2026-04-15
C005842,2026-04-15
C006569,2026-04-15
C004977,2026-04-15
C006550,2026-04-15
C004151,2026-04-15
C001020,2026-04-15
C002412,2026-04-15
C002571,2026-04-15
C007554,2026-04-15
C006705,2026-04-15
C007157,2026-04-15
C007353,2026-04-15
C004827,2026-04-15
C001298,2026-04-15
C005702,2026-04-15
C000861,2026-04-15
C001214,2026-04-15
C004676,2026-04-15
C001422,2026-04-15
C006206,2026-04-15
C001906,2026-04-15
C006797,2026-04-15
C002932,2026-04-15
C005262,2026-04-15
C006453,2026-04-15
C005940,2026-04-15
C002839,2026-04-15
C006716,2026-04-15
C007977,2026-04-15
C005020,2026-04-15
C004307,2026-04-15
C000376,2026-04-15
C000266,2026-04-15
C007771,2026-04-15
C004581,2026-04-15
C004405,2026-04-15
C003930,2026-04-15
C002617,2026-04-15
C006718,2026-04-15
C007068,2026-04-15
C006516,2026-04-15
C004795,2026-04-15
C007057,2026-04-15
C004099,2026-04-15
C000366,2026-04-15
C000702,2026-04-15
C000951,2026-04-15
C007906,2026-04-15
C003648,2026-04-15
C007958,2026-04-15
C001448,2026-04-15
C002124,2026-04-15
C002008,2026-04-15
C002857,2026-04-15
C006394,2026-04-15
C007523,2026-04-15
C006229,2026-04-15
C006478,2026-04-15
C006268,2026-04-15
C004370,2026-04-15
C007040,2026-04-15
C004058,2026-04-15
C001944,2026-04-15
C002885,2026-04-15
C007120,2026-04-15
C007738,2026-04-15
C005320,2026-04-15
C001197,2026-04-15
C007558,2026-04-15
C003080,2026-04-15
C003021,2026-04-15
C000998,2026-04-15
C002696,2026-04-15
C006015,2026-04-15
C006117,2026-04-15
C003268,2026-04-15
C006476,2026-04-15
C000364,2026-04-15
C006250,2026-04-15
C004835,2026-04-15
C001544,2026-04-15
C004744,2026-04-15
C007082,2026-04-15
C007386,2026-04-15
C000537,2026-04-15
C002598,2026-04-15
C005956,2026-04-15
C004484,2026-04-15
C000876,2026-04-15
C001377,2026-04-15
C006635,2026-04-15
C005457,2026-04-15
C004831,2026-04-15
C004578,2026-04-15
C000483,2026-04-15
C000063,2026-04-15
C003974,2026-04-15
C006445,2026-04-15
C002080,2026-04-15
C003358,2026-04-15
C004302,2026-04-15
C005594,2026-04-15
C000434,2026-04-15
C005141,2026-04-15
C005102,2026-04-15
C004857,2026-04-15
C005527,2026-04-15
C003856,2026-04-15
C002085,2026-04-15
C002026,2026-04-15
C002645,2026-04-15
C004751,2026-04-15
C006528,2026-04-15
C003652,2026-04-15
C007274,2026-04-15
C001646,2026-04-15
C007141,2026-04-15
C003713,2026-04-15
C003903,2026-04-15
C007392,2026-04-15
C001284,2026-04-15
C007398,2026-04-15
C002360,2026-04-15
C002584,2026-04-15
C001672,2026-04-15
C006866,2026-04-15
C004972,2026-04-15
C007546,2026-04-15
C000670,2026-04-15
C005254,2026-04-15
C004875,2026-04-15
C001150,2026-04-15
C005509,2026-04-15
C001848,2026-04-15
C000832,2026-04-15
C004232,2026-04-15
C005853,2026-04-15
C007166,2026-04-15
C000295,2026-04-15
C006105,2026-04-15
C005547,2026-04-15
C007006,2026-04-15
C003140,2026-04-15
C005291,2026-04-15
C003398,2026-04-15
C007581,2026-04-15
C007454,2026-04-15
C007940,2026-04-15
C000237,2026-04-15
C004437,2026-04-15
C004246,2026-04-15
C005443,2026-04-15
C007789,2026-04-15
C004407,2026-04-15
C007304,2026-04-15
C005364,2026-04-15
C007005,2026-04-15
C002143,2026-04-15
C003643,2026-04-15
C000060,2026-04-15
C005995,2026-04-15
C003591,2026-04-15
C002083,2026-04-15
C006047,2026-04-15
C000877,2026-04-15
C007980,2026-04-15
C002691,2026-04-15
C004525,2026-04-15
C006090,2026-04-15
C004300,2026-04-15
C001416,2026-04-15
C003449,2026-04-15
C002785,2026-04-15
C004552,2026-04-15
C000267,2026-04-15
C002906,2026-04-15
C007028,2026-04-15
C007021,2026-04-15
C007810,2026-04-15
C005979,2026-04-15
C000186,2026-04-15
C002926,2026-04-15
C007339,2026-04-15
C005549,2026-04-15
C001082,2026-04-15
C006537,2026-04-15
C003910,2026-04-15
C001879,2026-04-15
C007451,2026-04-15
C000954,2026-04-15
C007652,2026-04-15
C000528,2026-04-15
C001497,2026-04-15
C000025,2026-04-15
C006175,2026-04-15
C001174,2026-04-15
C000239,2026-04-15
C004750,2026-04-15
C005870,2026-04-15
C002171,2026-04-15
C000686,2026-04-15
C004764,2026-04-15
C000236,2026-04-15
C003885,2026-04-15
C001232,2026-04-15
C004998,2026-04-15
C000343,2026-04-15
C006929,2026-04-15
C002388,2026-04-15
C000616,2026-04-15
C006252,2026-04-15
C007280,2026-04-15
C002762,2026-04-15
C004430,2026-04-15
C006541,2026-04-15
C003646,2026-04-15
C000773,2026-04-15
C001071,2026-04-15
C006758,2026-04-15
C003992,2026-04-15
C007342,2026-04-15
C001920,2026-04-15
C002873,2026-04-15
C007249,2026-04-15
C003304,2026-04-15
C006790,2026-04-15
C006639,2026-04-15
C003060,2026-04-15
C002219,2026-04-15
C004102,2026-04-15
C002418,2026-04-15
C001595,2026-04-15
C002979,2026-04-15
C001004,2026-04-15
C007735,2026-04-15
C000833,2026-04-15
C005280,2026-04-15
C002376,2026-04-15
C001984,2026-04-15
C004886,2026-04-15
C002262,2026-04-15
C005829,2026-04-15
C001149,2026-04-15
C005560,2026-04-15
C005122,2026-04-15
C001710,2026-04-15
C000834,2026-04-15
C000104,2026-04-15
C005600,2026-04-15
C007872,2026-04-15
C001143,2026-04-15
C002872,2026-04-15
C002333,2026-04-15
C007749,2026-04-15
C001638,2026-04-15
C005858,2026-04-15
C005908,2026-04-15
C004073,2026-04-15
C003798,2026-04-15
C001420,2026-04-15
C007939,2026-04-15
C007334,2026-04-15
C005565,2026-04-15
C001148,2026-04-15
C002332,2026-04-15
C004845,2026-04-15
C006353,2026-04-15
C003217,2026-04-15
C005640,2026-04-15
C004502,2026-04-15
C002510,2026-04-15
C007186,2026-04-15
C007302,2026-04-15
C007307,2026-04-15
C006600,2026-04-15
C006776,2026-04-15
C004988,2026-04-15
C005801,2026-04-15
C004542,2026-04-15
C002518,2026-04-15
C006616,2026-04-15
C007464,2026-04-15
C003423,2026-04-15
C004321,2026-04-15
C001722,2026-04-15
C003923,2026-04-15
C007569,2026-04-15
C005650,2026-04-15
C004794,2026-04-15
C000648,2026-04-15
C002911,2026-04-15
C003172,2026-04-15
C002931,2026-04-15
C005238,2026-04-15
C002701,2026-04-15
